t,px,py,vx,vy,ax,ay
0.000000000000000000e+00,7.551269903366592570e-20,7.670020513465952358e-20,1.652318476864362370e-19,1.073228862603148913e-19,3.657967465242353278e+00,1.828984379609619682e+00
1.000000000000000056e-01,1.828983732620084388e-02,9.144921898048326975e-03,3.657967465243810445e-01,1.828984379610348321e-01,3.470494411519459810e+00,1.735247285668592765e+00
2.000000000000000111e-01,7.222198403623200647e-02,3.611100212249038904e-02,7.128461876764565774e-01,3.564231665279586347e-01,3.283006221278669923e+00,1.641503024374752151e+00
3.000000000000000444e-01,1.599216339103353979e-01,7.996083389715170908e-02,1.041146809803805251e+00,5.205734689654989422e-01,3.095514414250577939e+00,1.547757292600379309e+00
4.000000000000000222e-01,2.795138869618115640e-01,1.397569672566502663e-01,1.350698251228311664e+00,6.753491982256056847e-01,2.908023553021294116e+00,1.454011154720807442e+00
5.000000000000000000e-01,4.291238298496992121e-01,2.145619428527558992e-01,1.641500606529845196e+00,8.207503136977609692e-01,2.720532720603424881e+00,1.360266192796135032e+00
6.000000000000000888e-01,6.068765541052576484e-01,3.034383051864911196e-01,1.913553878589547175e+00,9.567769329774546971e-01,2.533036347664806787e+00,1.266518516437287412e+00
7.000000000000000666e-01,8.108971237029259926e-01,4.054485910666184023e-01,2.166857513355351372e+00,1.083428784621692564e+00,2.345528588525550795e+00,1.172764290806410425e+00
8.000000000000000444e-01,1.039310517981133497e+00,5.196552909827750755e-01,2.401410372207196442e+00,1.200705213702865537e+00,2.158001639186696519e+00,1.079000317385741647e+00
9.000000000000000222e-01,1.290241563396714586e+00,6.451208139394533081e-01,2.617210536125125220e+00,1.308605245441068377e+00,1.970447114258843113e+00,9.852234169087176197e-01
1.000000000000000000e+00,1.561814852581280499e+00,7.809074555678644503e-01,2.814255247550237371e+00,1.407127587132518398e+00,1.782859372782361396e+00,8.914297182782801032e-01
1.100000000000000089e+00,1.852154674198940087e+00,9.260773628727682061e-01,2.992541184827667067e+00,1.496270558959942543e+00,1.595234784688175811e+00,7.976171859296332656e-01
1.200000000000000178e+00,2.159384966603761224e+00,1.079692504698608335e+00,3.152064663299859681e+00,1.576032277552485539e+00,1.407571050103835431e+00,7.037855063820577239e-01
1.300000000000000044e+00,2.481629288182764626e+00,1.240814659986010815e+00,3.292821768313774822e+00,1.646410828190249642e+00,1.219870826686193510e+00,6.099357955029233169e-01
1.400000000000000133e+00,2.817010819145958411e+00,1.408505421781744538e+00,3.414808850986049027e+00,1.707404407740087393e+00,1.032137982157219636e+00,5.160688150063059698e-01
1.500000000000000000e+00,3.163652394153632308e+00,1.581826206629926013e+00,3.518022649200843954e+00,1.759011289241414033e+00,8.443799029886416285e-01,4.221899445796823969e-01
1.600000000000000089e+00,3.519676558586859905e+00,1.759838285277401049e+00,3.602460639498793693e+00,1.801230283700067991e+00,6.566081140688684314e-01,3.283041932255706952e-01
1.700000000000000178e+00,3.883205663105236294e+00,1.941602834612611739e+00,3.668121450909120451e+00,1.834060703022194705e+00,4.688332275993273290e-01,2.344166885520181376e-01
1.800000000000000044e+00,4.252361974326073657e+00,2.126180988356670021e+00,3.715004773672042404e+00,1.857502371877023162e+00,2.810684351301465655e-01,1.405343107785443080e-01
1.900000000000000133e+00,4.625267793873759636e+00,2.312633897100680347e+00,3.743111617184494477e+00,1.871555802955298997e+00,9.332931961397655796e-02,4.666508717557510399e-02
2.000000000000000000e+00,5.000045602181786286e+00,2.500022802834724889e+00,3.752444549145599773e+00,1.876222311672711918e+00,-9.437192604683763975e-02,-4.718602999379125501e-02
2.100000000000000089e+00,5.374818197457734925e+00,2.687409103851178926e+00,3.743007356540627217e+00,1.871503708673367461e+00,-2.820249211029630110e-01,-1.410129392465910292e-01
2.200000000000000178e+00,5.747708808512307144e+00,2.873854410021798422e+00,3.714804864430868658e+00,1.857402414748976716e+00,-4.696230684946531286e-01,-2.348113746853716377e-01
2.300000000000000266e+00,6.116841179605730261e+00,3.058420594626398259e+00,3.667842557582500884e+00,1.833921277279615625e+00,-6.571619136840730624e-01,-3.285806670878074764e-01
2.400000000000000355e+00,6.480339625801889269e+00,3.240169819018997366e+00,3.602126366215830267e+00,1.801063210571702822e+00,-8.446442666128107790e-01,-4.223222256952567921e-01
2.500000000000000000e+00,6.836329041096597336e+00,3.418164528948132830e+00,3.517661939556980144e+00,1.758830988003392104e+00,-1.032078460491870908e+00,-5.160394807555057639e-01
2.600000000000000089e+00,7.182934842747439319e+00,3.591467430345542056e+00,3.414454093510934207e+00,1.707227039925485634e+00,-1.219480774769740039e+00,-6.097403978477673459e-01
2.700000000000000178e+00,7.518282848224716375e+00,3.759141432351388534e+00,3.292506016037781702e+00,1.646253000137843037e+00,-1.406872777751844161e+00,-7.034364729780505643e-01
2.800000000000000266e+00,7.840499085942526314e+00,3.920249550001983163e+00,3.151818738267000430e+00,1.575909352836735833e+00,-1.594281763720301948e+00,-7.971408823596382032e-01
2.900000000000000355e+00,8.147709550953203816e+00,4.073854780876738246e+00,2.992390561899784363e+00,1.496195264603177977e+00,-1.781740002506625009e+00,-8.908701914715339010e-01
3.000000000000000000e+00,8.438039907131431150e+00,4.219019956380090974e+00,2.814216561629212521e+00,1.407108245452291184e+00,-1.969278865617930530e+00,-9.846389492180702696e-01
3.100000000000000089e+00,8.709615168990868739e+00,4.354807586178559120e+00,2.617288675072227733e+00,1.308644350532889078e+00,-2.156925739149259336e+00,-1.078462955990392658e+00
3.200000000000000178e+00,8.960559407798621478e+00,4.480279706428840214e+00,2.401596101161539210e+00,1.200798054930670711e+00,-2.344700509822213785e+00,-1.172350144574743069e+00
3.300000000000000266e+00,9.188995515359428268e+00,4.594497761195915686e+00,2.167126050182533348e+00,1.083563040474804007e+00,-2.532603922965454668e+00,-1.266302139830806084e+00
3.400000000000000355e+00,9.393045100754140009e+00,4.696522554539885874e+00,1.913865657883401017e+00,9.569328264915074600e-01,-2.720608654412866034e+00,-1.360304323852602248e+00
3.500000000000000000e+00,9.570828623259487244e+00,4.785414315577789957e+00,1.641804792442385308e+00,8.209023941062699725e-01,-2.908643908081667728e+00,-1.454322198247027798e+00
3.600000000000000089e+00,9.720465882950707126e+00,4.860232944004266642e+00,1.350940401637777732e+00,6.754701742818638444e-01,-3.096585915090550589e+00,-1.548293015843476228e+00
3.700000000000000178e+00,9.840076993525590510e+00,4.920038496346515799e+00,1.041281810135621599e+00,5.206408726980908952e-01,-3.284231971810679163e+00,-1.642115629029257118e+00
3.800000000000000266e+00,9.927784014667031087e+00,4.963892005506723493e+00,7.128586129561622631e-01,3.564293097959695400e-01,-3.471280659193738405e+00,-1.735640196998734286e+00
3.900000000000000355e+00,9.981713472655533437e+00,4.990856735495753149e+00,3.657305470340715403e-01,1.828652900970018369e-01,-3.657305470317739449e+00,-1.828652900968103401e+00
4.000000000000000000e+00,1.000000000000000000e+01,5.000000000000000000e+00,-6.505213034913026604e-19,2.168404344971008868e-19,0.000000000000000000e+00,0.000000000000000000e+00
